"Cluster","Cluster Enrichment Score","Category","Term","Count","List Total","Pop Hits","Pop Total","%","P-Value","Benjamini","Fold Enrichment","Bonferroni","FDR","Fisher Exact","User Ids"
"1","3.73","INTERPRO","Arylesterase","4","118","4","23408","3.28","4.85e-7","1.10e-4","198.37","2.19e-4","1.10e-4","6.14e-10","ENSDARG00000097789,ENSDARG00000032496,ENSDARG00000040290,ENSDARG00000016856"
"1","3.73","INTERPRO","Serum_paraoxonase/arylesterase","4","118","4","23408","3.28","4.85e-7","1.10e-4","198.37","2.19e-4","1.10e-4","6.14e-10","ENSDARG00000097789,ENSDARG00000032496,ENSDARG00000040290,ENSDARG00000016856"
"1","3.73","UP_SEQ_FEATURE","DISULFID:In form B","4","112","4","21277","3.28","5.51e-7","9.64e-5","189.97","9.64e-5","9.64e-5","7.28e-10","ENSDARG00000097789,ENSDARG00000032496,ENSDARG00000040290,ENSDARG00000016856"
"1","3.73","GOTERM_MF_DIRECT","arylesterase activity","4","104","5","21154","3.28","1.11e-6","1.80e-4","162.72","1.80e-4","1.80e-4","2.75e-9","ENSDARG00000097789,ENSDARG00000032496,ENSDARG00000040290,ENSDARG00000016856"
"1","3.73","INTERPRO","6-blade_b-propeller_TolB-like","4","118","47","23408","3.28","1.68e-3","2.53e-1","16.88","5.33e-1","2.53e-1","9.26e-5","ENSDARG00000097789,ENSDARG00000032496,ENSDARG00000040290,ENSDARG00000016856"
"1","3.73","GOTERM_MF_DIRECT","carboxylic ester hydrolase activity","3","104","45","21154","2.46","2.03e-2","6.51e-1","13.56","9.64e-1","6.51e-1","1.41e-3","ENSDARG00000097789,ENSDARG00000032496,ENSDARG00000016856"
"1","3.73","UP_SEQ_FEATURE","ACT_SITE:Proton acceptor","4","112","424","21277","3.28","3.81e-1","1.00e+0","1.79","1.00e+0","1.00e+0","1.85e-1","ENSDARG00000097789,ENSDARG00000032496,ENSDARG00000040290,ENSDARG00000016856"
"1","3.73","GOTERM_CC_DIRECT","cellular_component","6","109","1325","22190","4.92","7.80e-1","1.00e+0","0.92","1.00e+0","1.00e+0","6.39e-1","ENSDARG00000032496,ENSDARG00000091771,ENSDARG00000036658,ENSDARG00000038297,ENSDARG00000040290,ENSDARG00000016856"
"2","2.23","KEGG_PATHWAY","Cell adhesion molecule (CAM) interaction","5","41","181","21890","4.10","3.27e-4","1.70e-2","14.75","1.69e-2","1.54e-2","2.15e-5","ENSDARG00000042357,ENSDARG00000006396,ENSDARG00000003927,ENSDARG00000004597,ENSDARG00000058937"
"2","2.23","KEGG_PATHWAY","Virion - Hepatitis viruses","3","41","74","21890","2.46","8.09e-3","1.36e-1","21.64","3.45e-1","1.22e-1","3.60e-4","ENSDARG00000042357,ENSDARG00000003927,ENSDARG00000058937"
"2","2.23","KEGG_PATHWAY","Tight junction","4","41","248","21890","3.28","1.04e-2","1.36e-1","8.61","4.20e-1","1.22e-1","1.17e-3","ENSDARG00000061398,ENSDARG00000042357,ENSDARG00000003927,ENSDARG00000058937"
"2","2.23","KEGG_PATHWAY","Cornified envelope formation","3","41","186","21890","2.46","4.54e-2","2.93e-1","8.61","9.11e-1","2.65e-1","5.08e-3","ENSDARG00000042357,ENSDARG00000003927,ENSDARG00000058937"
"3","1.29","GOTERM_MF_DIRECT","hydrolase activity","21","104","1642","21154","17.21","1.12e-4","9.11e-3","2.60","1.80e-2","9.11e-3","4.20e-5","ENSDARG00000103184,ENSDARG00000099996,ENSDARG00000052348,ENSDARG00000051853,ENSDARG00000003486,ENSDARG00000019595,ENSDARG00000018891,ENSDARG00000022599,ENSDARG00000038296,ENSDARG00000113961,ENSDARG00000061044,ENSDARG00000017676,ENSDARG00000034862,ENSDARG00000039730,ENSDARG00000059556,ENSDARG00000032496,ENSDARG00000076308,ENSDARG00000029011,ENSDARG00000016706,ENSDARG00000058815,ENSDARG00000016856"
"3","1.29","UP_KW_MOLECULAR_FUNCTION","Protease","8","57","533","11803","6.56","1.25e-2","2.45e-1","3.11","3.89e-1","2.45e-1","3.85e-3","ENSDARG00000103184,ENSDARG00000017676,ENSDARG00000034862,ENSDARG00000019595,ENSDARG00000039730,ENSDARG00000022599,ENSDARG00000029011,ENSDARG00000058815"
"3","1.29","GOTERM_BP_DIRECT","proteolysis","9","98","670","20756","7.38","1.32e-2","1.00e+0","2.85","9.69e-1","1.00e+0","4.42e-3","ENSDARG00000103184,ENSDARG00000017676,ENSDARG00000034862,ENSDARG00000019595,ENSDARG00000039730,ENSDARG00000043497,ENSDARG00000022599,ENSDARG00000029011,ENSDARG00000058815"
"3","1.29","GOTERM_MF_DIRECT","peptidase activity","8","104","537","21154","6.56","1.60e-2","6.48e-1","3.03","9.27e-1","6.48e-1","5.02e-3","ENSDARG00000103184,ENSDARG00000017676,ENSDARG00000034862,ENSDARG00000019595,ENSDARG00000039730,ENSDARG00000022599,ENSDARG00000029011,ENSDARG00000058815"
"3","1.29","GOTERM_MF_DIRECT","serine-type endopeptidase activity","4","104","214","21154","3.28","8.68e-2","1.00e+0","3.80","1.00e+0","1.00e+0","2.14e-2","ENSDARG00000103184,ENSDARG00000034862,ENSDARG00000039730,ENSDARG00000093065"
"3","1.29","SMART","Tryp_SPc","3","60","131","13267","2.46","1.15e-1","1.00e+0","5.06","1.00e+0","1.00e+0","2.14e-2","ENSDARG00000103184,ENSDARG00000034862,ENSDARG00000039730"
"3","1.29","INTERPRO","Peptidase_S1A","3","118","122","23408","2.46","1.24e-1","1.00e+0","4.88","1.00e+0","1.00e+0","2.39e-2","ENSDARG00000103184,ENSDARG00000034862,ENSDARG00000039730"
"3","1.29","UP_SEQ_FEATURE","DOMAIN:Peptidase S1","3","112","121","21277","2.46","1.32e-1","1.00e+0","4.71","1.00e+0","1.00e+0","2.61e-2","ENSDARG00000103184,ENSDARG00000034862,ENSDARG00000039730"
"3","1.29","INTERPRO","Trypsin_dom","3","118","135","23408","2.46","1.46e-1","1.00e+0","4.41","1.00e+0","1.00e+0","3.10e-2","ENSDARG00000103184,ENSDARG00000034862,ENSDARG00000039730"
"3","1.29","INTERPRO","Peptidase_S1_PA_chymotrypsin","3","118","137","23408","2.46","1.50e-1","1.00e+0","4.34","1.00e+0","1.00e+0","3.22e-2","ENSDARG00000103184,ENSDARG00000034862,ENSDARG00000039730"
"3","1.29","UP_KW_PTM","Zymogen","3","36","166","8073","2.46","1.61e-1","1.00e+0","4.05","8.79e-1","1.00e+0","3.71e-2","ENSDARG00000017676,ENSDARG00000034862,ENSDARG00000039730"
"3","1.29","INTERPRO","Peptidase_S1_PA","3","118","164","23408","2.46","1.98e-1","1.00e+0","3.63","1.00e+0","1.00e+0","5.03e-2","ENSDARG00000103184,ENSDARG00000034862,ENSDARG00000039730"
"3","1.29","GOTERM_CC_DIRECT","extracellular region","9","109","1493","22190","7.38","4.42e-1","1.00e+0","1.23","1.00e+0","1.00e+0","3.12e-1","ENSDARG00000045580,ENSDARG00000103184,ENSDARG00000017676,ENSDARG00000034862,ENSDARG00000039730,ENSDARG00000006544,ENSDARG00000067781,ENSDARG00000058815,ENSDARG00000056938"
"4","0.94","UP_SEQ_FEATURE","DOMAIN:EF-hand 1","3","112","41","21277","2.46","1.94e-2","1.00e+0","13.90","9.67e-1","1.00e+0","1.31e-3","ENSDARG00000099996,ENSDARG00000014098,ENSDARG00000034705"
"4","0.94","UP_SEQ_FEATURE","DOMAIN:EF-hand 2","3","112","41","21277","2.46","1.94e-2","1.00e+0","13.90","9.67e-1","1.00e+0","1.31e-3","ENSDARG00000099996,ENSDARG00000014098,ENSDARG00000034705"
"4","0.94","GOTERM_MF_DIRECT","calcium ion binding","6","104","755","21154","4.92","3.07e-1","1.00e+0","1.62","1.00e+0","1.00e+0","1.68e-1","ENSDARG00000099996,ENSDARG00000034862,ENSDARG00000014098,ENSDARG00000074808,ENSDARG00000034705,ENSDARG00000058815"
"4","0.94","INTERPRO","EF_hand_dom","3","118","265","23408","2.46","3.83e-1","1.00e+0","2.25","1.00e+0","1.00e+0","1.50e-1","ENSDARG00000099996,ENSDARG00000014098,ENSDARG00000034705"
"4","0.94","INTERPRO","EF-hand-dom_pair","3","118","310","23408","2.46","4.60e-1","1.00e+0","1.92","1.00e+0","1.00e+0","2.06e-1","ENSDARG00000099996,ENSDARG00000014098,ENSDARG00000034705"
"5","0.73","SMART","LRRNT","3","60","54","13267","2.46","2.40e-2","1.00e+0","12.28","8.38e-1","1.00e+0","1.85e-3","ENSDARG00000045580,ENSDARG00000004597,ENSDARG00000056938"
"5","0.73","INTERPRO","LRRNT","3","118","56","23408","2.46","3.20e-2","1.00e+0","10.63","1.00e+0","1.00e+0","2.85e-3","ENSDARG00000045580,ENSDARG00000004597,ENSDARG00000056938"
"5","0.73","SMART","LRR_TYP","3","60","215","13267","2.46","2.48e-1","1.00e+0","3.09","1.00e+0","1.00e+0","7.34e-2","ENSDARG00000045580,ENSDARG00000004597,ENSDARG00000056938"
"5","0.73","INTERPRO","Leu-rich_rpt_typical-subtyp","3","118","215","23408","2.46","2.92e-1","1.00e+0","2.77","1.00e+0","1.00e+0","9.50e-2","ENSDARG00000045580,ENSDARG00000004597,ENSDARG00000056938"
"5","0.73","UP_KW_DOMAIN","Leucine-rich repeat","4","69","509","14291","3.28","4.38e-1","1.00e+0","1.63","1.00e+0","1.00e+0","2.31e-1","ENSDARG00000045580,ENSDARG00000005284,ENSDARG00000004597,ENSDARG00000056938"
"5","0.73","INTERPRO","LRR_dom_sf","4","118","527","23408","3.28","4.92e-1","1.00e+0","1.51","1.00e+0","1.00e+0","2.75e-1","ENSDARG00000045580,ENSDARG00000005284,ENSDARG00000004597,ENSDARG00000056938"
"5","0.73","INTERPRO","Leu-rich_rpt","3","118","468","23408","2.46","6.82e-1","1.00e+0","1.27","1.00e+0","1.00e+0","4.21e-1","ENSDARG00000045580,ENSDARG00000004597,ENSDARG00000056938"
"6","0.64","GOTERM_MF_DIRECT","metal ion binding","33","104","4185","21154","27.05","4.27e-3","2.31e-1","1.60","5.00e-1","2.31e-1","2.59e-3","ENSDARG00000045691,ENSDARG00000019360,ENSDARG00000099996,ENSDARG00000051853,ENSDARG00000018891,ENSDARG00000028058,ENSDARG00000077143,ENSDARG00000022599,ENSDARG00000003970,ENSDARG00000113961,ENSDARG00000009252,ENSDARG00000062216,ENSDARG00000040123,ENSDARG00000014098,ENSDARG00000087195,ENSDARG00000076308,ENSDARG00000058815,ENSDARG00000034705,ENSDARG00000016856,ENSDARG00000045482,ENSDARG00000003486,ENSDARG00000097789,ENSDARG00000078481,ENSDARG00000026329,ENSDARG00000041402,ENSDARG00000017676,ENSDARG00000091678,ENSDARG00000059556,ENSDARG00000032496,ENSDARG00000040890,ENSDARG00000014825,ENSDARG00000029011,ENSDARG00000040290"
"6","0.64","UP_KW_DOMAIN","Zinc-finger","6","69","899","14291","4.92","4.27e-1","1.00e+0","1.38","1.00e+0","1.00e+0","2.66e-1","ENSDARG00000045691,ENSDARG00000041402,ENSDARG00000091678,ENSDARG00000028058,ENSDARG00000087195,ENSDARG00000026329"
"6","0.64","UP_KW_LIGAND","Metal-binding","22","41","4257","7893","18.03","6.35e-1","1.00e+0","0.99","1.00e+0","1.00e+0","5.78e-1","ENSDARG00000045691,ENSDARG00000045482,ENSDARG00000099996,ENSDARG00000003486,ENSDARG00000028058,ENSDARG00000077143,ENSDARG00000003970,ENSDARG00000078481,ENSDARG00000026329,ENSDARG00000113961,ENSDARG00000041402,ENSDARG00000062216,ENSDARG00000040123,ENSDARG00000014098,ENSDARG00000091678,ENSDARG00000059556,ENSDARG00000040890,ENSDARG00000014825,ENSDARG00000076308,ENSDARG00000029011,ENSDARG00000034705,ENSDARG00000058815"
"6","0.64","GOTERM_MF_DIRECT","zinc ion binding","14","104","2985","21154","11.48","7.10e-1","1.00e+0","0.95","1.00e+0","1.00e+0","6.18e-1","ENSDARG00000045691,ENSDARG00000019360,ENSDARG00000028058,ENSDARG00000077143,ENSDARG00000022599,ENSDARG00000003970,ENSDARG00000026329,ENSDARG00000009252,ENSDARG00000041402,ENSDARG00000040123,ENSDARG00000017676,ENSDARG00000091678,ENSDARG00000087195,ENSDARG00000014825"
"6","0.64","UP_KW_LIGAND","Zinc","16","41","3363","7893","13.11","7.92e-1","1.00e+0","0.92","1.00e+0","1.00e+0","7.32e-1","ENSDARG00000045691,ENSDARG00000019360,ENSDARG00000028058,ENSDARG00000077143,ENSDARG00000022599,ENSDARG00000003970,ENSDARG00000026329,ENSDARG00000009252,ENSDARG00000041402,ENSDARG00000040123,ENSDARG00000017676,ENSDARG00000091678,ENSDARG00000059556,ENSDARG00000087195,ENSDARG00000014825,ENSDARG00000058815"
"7","0.53","UP_KW_CELLULAR_COMPONENT","Extracellular matrix","4","78","269","16344","3.28","1.34e-1","1.00e+0","3.12","9.79e-1","1.00e+0","3.97e-2","ENSDARG00000045580,ENSDARG00000017676,ENSDARG00000006544,ENSDARG00000056938"
"7","0.53","UP_KW_CELLULAR_COMPONENT","Secreted","8","78","1317","16344","6.56","4.28e-1","1.00e+0","1.27","1.00e+0","1.00e+0","2.91e-1","ENSDARG00000045580,ENSDARG00000103184,ENSDARG00000017676,ENSDARG00000034862,ENSDARG00000006544,ENSDARG00000067781,ENSDARG00000058815,ENSDARG00000056938"
"7","0.53","GOTERM_CC_DIRECT","extracellular region","9","109","1493","22190","7.38","4.42e-1","1.00e+0","1.23","1.00e+0","1.00e+0","3.12e-1","ENSDARG00000045580,ENSDARG00000103184,ENSDARG00000017676,ENSDARG00000034862,ENSDARG00000039730,ENSDARG00000006544,ENSDARG00000067781,ENSDARG00000058815,ENSDARG00000056938"
"8","0.49","GOTERM_BP_DIRECT","potassium ion transport","3","98","153","20756","2.46","1.60e-1","1.00e+0","4.15","1.00e+0","1.00e+0","3.59e-2","ENSDARG00000017108,ENSDARG00000014098,ENSDARG00000104389"
"8","0.49","GOTERM_CC_DIRECT","monoatomic ion channel complex","3","109","162","22190","2.46","1.87e-1","1.00e+0","3.77","1.00e+0","1.00e+0","4.58e-2","ENSDARG00000017108,ENSDARG00000014098,ENSDARG00000104389"
"8","0.49","UP_KW_LIGAND","Potassium","3","41","183","7893","2.46","2.37e-1","1.00e+0","3.16","9.87e-1","1.00e+0","6.88e-2","ENSDARG00000017108,ENSDARG00000014098,ENSDARG00000104389"
"8","0.49","GOTERM_BP_DIRECT","monoatomic ion transmembrane transport","4","98","424","20756","3.28","3.18e-1","1.00e+0","2.00","1.00e+0","1.00e+0","1.41e-1","ENSDARG00000017108,ENSDARG00000014098,ENSDARG00000102254,ENSDARG00000104389"
"8","0.49","UP_KW_MOLECULAR_FUNCTION","Ion channel","4","57","441","11803","3.28","3.49e-1","1.00e+0","1.88","1.00e+0","1.00e+0","1.63e-1","ENSDARG00000017108,ENSDARG00000014098,ENSDARG00000102254,ENSDARG00000104389"
"8","0.49","UP_KW_BIOLOGICAL_PROCESS","Ion transport","3","35","461","8466","2.46","5.60e-1","1.00e+0","1.57","1.00e+0","1.00e+0","2.97e-1","ENSDARG00000017108,ENSDARG00000014098,ENSDARG00000104389"
"8","0.49","GOTERM_BP_DIRECT","monoatomic ion transport","3","98","679","20756","2.46","8.31e-1","1.00e+0","0.94","1.00e+0","1.00e+0","6.26e-1","ENSDARG00000017108,ENSDARG00000014098,ENSDARG00000104389"
"9","0.33","SMART","AAA","3","60","155","13267","2.46","1.51e-1","1.00e+0","4.28","1.00e+0","1.00e+0","3.30e-2","ENSDARG00000101161,ENSDARG00000021787,ENSDARG00000016818"
"9","0.33","INTERPRO","AAA+_ATPase","3","118","155","23408","2.46","1.82e-1","1.00e+0","3.84","1.00e+0","1.00e+0","4.38e-2","ENSDARG00000101161,ENSDARG00000021787,ENSDARG00000016818"
"9","0.33","GOTERM_MF_DIRECT","ATP hydrolysis activity","4","104","330","21154","3.28","2.17e-1","1.00e+0","2.47","1.00e+0","1.00e+0","7.99e-2","ENSDARG00000099996,ENSDARG00000101161,ENSDARG00000021787,ENSDARG00000016818"
"9","0.33","INTERPRO","P-loop_NTPase","7","118","1408","23408","5.74","7.13e-1","1.00e+0","0.99","1.00e+0","1.00e+0","5.70e-1","ENSDARG00000099996,ENSDARG00000052348,ENSDARG00000024681,ENSDARG00000101161,ENSDARG00000059556,ENSDARG00000021787,ENSDARG00000016818"
"9","0.33","GOTERM_MF_DIRECT","nucleotide binding","9","104","2045","21154","7.38","7.90e-1","1.00e+0","0.90","1.00e+0","1.00e+0","6.85e-1","ENSDARG00000045482,ENSDARG00000099996,ENSDARG00000052348,ENSDARG00000020086,ENSDARG00000094646,ENSDARG00000059556,ENSDARG00000021787,ENSDARG00000016818,ENSDARG00000101378"
"9","0.33","GOTERM_MF_DIRECT","ATP binding","9","104","2195","21154","7.38","8.50e-1","1.00e+0","0.83","1.00e+0","1.00e+0","7.64e-1","ENSDARG00000045482,ENSDARG00000052348,ENSDARG00000101161,ENSDARG00000020086,ENSDARG00000094646,ENSDARG00000059556,ENSDARG00000021787,ENSDARG00000016818,ENSDARG00000101378"
"9","0.33","UP_KW_LIGAND","ATP-binding","5","41","1291","7893","4.10","9.12e-1","1.00e+0","0.75","1.00e+0","1.00e+0","8.24e-1","ENSDARG00000101161,ENSDARG00000059556,ENSDARG00000021787,ENSDARG00000016818,ENSDARG00000101378"
"9","0.33","UP_KW_LIGAND","Nucleotide-binding","5","41","1487","7893","4.10","9.59e-1","1.00e+0","0.65","1.00e+0","1.00e+0","9.08e-1","ENSDARG00000099996,ENSDARG00000101161,ENSDARG00000059556,ENSDARG00000021787,ENSDARG00000016818"
"10","0.29","UP_SEQ_FEATURE","TRANSMEM:Helical","32","112","5665","21277","26.23","4.13e-1","1.00e+0","1.07","1.00e+0","1.00e+0","3.54e-1","ENSDARG00000006869,ENSDARG00000099996,ENSDARG00000074776,ENSDARG00000052300,ENSDARG00000021787,ENSDARG00000040816,ENSDARG00000044767,ENSDARG00000017108,ENSDARG00000069028,ENSDARG00000016818,ENSDARG00000103940,ENSDARG00000100498,ENSDARG00000041292,ENSDARG00000102254,ENSDARG00000058937,ENSDARG00000051981,ENSDARG00000003927,ENSDARG00000101291,ENSDARG00000004497,ENSDARG00000087319,ENSDARG00000038296,ENSDARG00000004597,ENSDARG00000021399,ENSDARG00000079175,ENSDARG00000078481,ENSDARG00000078186,ENSDARG00000093065,ENSDARG00000042357,ENSDARG00000006396,ENSDARG00000100385,ENSDARG00000039726,ENSDARG00000104389"
"10","0.29","UP_KW_DOMAIN","Transmembrane","25","69","4975","14291","20.49","5.12e-1","1.00e+0","1.04","1.00e+0","1.00e+0","4.47e-1","ENSDARG00000006869,ENSDARG00000099996,ENSDARG00000074776,ENSDARG00000052300,ENSDARG00000021787,ENSDARG00000044767,ENSDARG00000017108,ENSDARG00000014098,ENSDARG00000069028,ENSDARG00000016818,ENSDARG00000103940,ENSDARG00000051981,ENSDARG00000003927,ENSDARG00000101291,ENSDARG00000004497,ENSDARG00000087319,ENSDARG00000038296,ENSDARG00000004597,ENSDARG00000079175,ENSDARG00000078481,ENSDARG00000078186,ENSDARG00000093065,ENSDARG00000038213,ENSDARG00000006396,ENSDARG00000039726"
"10","0.29","UP_KW_CELLULAR_COMPONENT","Membrane","38","78","7786","16344","31.15","5.16e-1","1.00e+0","1.02","1.00e+0","1.00e+0","4.68e-1","ENSDARG00000006869,ENSDARG00000019360,ENSDARG00000099996,ENSDARG00000074776,ENSDARG00000052300,ENSDARG00000021787,ENSDARG00000040816,ENSDARG00000044767,ENSDARG00000017108,ENSDARG00000009252,ENSDARG00000017785,ENSDARG00000014098,ENSDARG00000069028,ENSDARG00000016818,ENSDARG00000103940,ENSDARG00000058815,ENSDARG00000041292,ENSDARG00000102254,ENSDARG00000106212,ENSDARG00000058937,ENSDARG00000026862,ENSDARG00000051981,ENSDARG00000003927,ENSDARG00000101291,ENSDARG00000004497,ENSDARG00000087319,ENSDARG00000038296,ENSDARG00000004597,ENSDARG00000021399,ENSDARG00000079175,ENSDARG00000078481,ENSDARG00000078186,ENSDARG00000093065,ENSDARG00000042357,ENSDARG00000038213,ENSDARG00000006396,ENSDARG00000039726,ENSDARG00000104389"
"10","0.29","GOTERM_CC_DIRECT","membrane","37","109","7443","22190","30.33","5.55e-1","1.00e+0","1.01","1.00e+0","1.00e+0","5.01e-1","ENSDARG00000006869,ENSDARG00000019360,ENSDARG00000099996,ENSDARG00000074776,ENSDARG00000052300,ENSDARG00000021787,ENSDARG00000040816,ENSDARG00000044767,ENSDARG00000017108,ENSDARG00000017785,ENSDARG00000014098,ENSDARG00000069028,ENSDARG00000016818,ENSDARG00000103940,ENSDARG00000058815,ENSDARG00000100498,ENSDARG00000041292,ENSDARG00000058937,ENSDARG00000026862,ENSDARG00000051981,ENSDARG00000003927,ENSDARG00000101291,ENSDARG00000004497,ENSDARG00000087319,ENSDARG00000038296,ENSDARG00000004597,ENSDARG00000021399,ENSDARG00000079175,ENSDARG00000078481,ENSDARG00000078186,ENSDARG00000093065,ENSDARG00000042357,ENSDARG00000038213,ENSDARG00000006396,ENSDARG00000100385,ENSDARG00000039726,ENSDARG00000104389"
"10","0.29","GOTERM_CC_DIRECT","plasma membrane","23","109","4583","22190","18.85","5.67e-1","1.00e+0","1.02","1.00e+0","1.00e+0","4.92e-1","ENSDARG00000006869,ENSDARG00000026862,ENSDARG00000051981,ENSDARG00000003927,ENSDARG00000021787,ENSDARG00000040816,ENSDARG00000004497,ENSDARG00000004597,ENSDARG00000079175,ENSDARG00000044767,ENSDARG00000017108,ENSDARG00000061398,ENSDARG00000042357,ENSDARG00000014098,ENSDARG00000006396,ENSDARG00000069028,ENSDARG00000016818,ENSDARG00000074808,ENSDARG00000041292,ENSDARG00000058815,ENSDARG00000102254,ENSDARG00000104389,ENSDARG00000058937"
"11","0.29","GOTERM_CC_DIRECT","endoplasmic reticulum membrane","6","109","816","22190","4.92","3.65e-1","1.00e+0","1.50","1.00e+0","1.00e+0","2.13e-1","ENSDARG00000019360,ENSDARG00000014098,ENSDARG00000038213,ENSDARG00000019008,ENSDARG00000058815,ENSDARG00000078186"
"11","0.29","GOTERM_CC_DIRECT","endoplasmic reticulum","6","109","960","22190","4.92","5.03e-1","1.00e+0","1.27","1.00e+0","1.00e+0","3.33e-1","ENSDARG00000019360,ENSDARG00000102937,ENSDARG00000014098,ENSDARG00000038213,ENSDARG00000058815,ENSDARG00000078186"
"11","0.29","UP_KW_CELLULAR_COMPONENT","Endoplasmic reticulum","4","78","800","16344","3.28","7.34e-1","1.00e+0","1.05","1.00e+0","1.00e+0","5.35e-1","ENSDARG00000014098,ENSDARG00000038213,ENSDARG00000058815,ENSDARG00000078186"
"12","0.25","UP_KW_CELLULAR_COMPONENT","Cell membrane","14","78","2700","16344","11.48","5.13e-1","1.00e+0","1.09","1.00e+0","1.00e+0","4.13e-1","ENSDARG00000026862,ENSDARG00000021787,ENSDARG00000040816,ENSDARG00000004497,ENSDARG00000004597,ENSDARG00000044767,ENSDARG00000017108,ENSDARG00000014098,ENSDARG00000006396,ENSDARG00000069028,ENSDARG00000016818,ENSDARG00000041292,ENSDARG00000058815,ENSDARG00000102254"
"12","0.25","UP_KW_PTM","Glycoprotein","16","36","3432","8073","13.11","5.48e-1","1.00e+0","1.05","1.00e+0","1.00e+0","4.70e-1","ENSDARG00000045580,ENSDARG00000103184,ENSDARG00000051853,ENSDARG00000021787,ENSDARG00000004497,ENSDARG00000079175,ENSDARG00000044767,ENSDARG00000017108,ENSDARG00000034862,ENSDARG00000014098,ENSDARG00000006396,ENSDARG00000069028,ENSDARG00000016818,ENSDARG00000074808,ENSDARG00000102254,ENSDARG00000056938"
"12","0.25","UP_KW_PTM","Disulfide bond","12","36","2655","8073","9.84","6.35e-1","1.00e+0","1.01","1.00e+0","1.00e+0","5.40e-1","ENSDARG00000051853,ENSDARG00000014098,ENSDARG00000039730,ENSDARG00000006396,ENSDARG00000069028,ENSDARG00000016818,ENSDARG00000004497,ENSDARG00000004597,ENSDARG00000044767,ENSDARG00000067781,ENSDARG00000102254,ENSDARG00000056938"
"13","0.19","SMART","IGc2","3","60","270","13267","2.46","3.39e-1","1.00e+0","2.46","1.00e+0","1.00e+0","1.23e-1","ENSDARG00000006396,ENSDARG00000004597,ENSDARG00000079175"
"13","0.19","INTERPRO","Ig_sub2","3","118","270","23408","2.46","3.92e-1","1.00e+0","2.20","1.00e+0","1.00e+0","1.56e-1","ENSDARG00000006396,ENSDARG00000004597,ENSDARG00000079175"
"13","0.19","UP_KW_DOMAIN","Immunoglobulin domain","3","69","391","14291","2.46","5.59e-1","1.00e+0","1.59","1.00e+0","1.00e+0","2.92e-1","ENSDARG00000006396,ENSDARG00000004597,ENSDARG00000079175"
"13","0.19","SMART","IG","3","60","536","13267","2.46","6.95e-1","1.00e+0","1.24","1.00e+0","1.00e+0","4.39e-1","ENSDARG00000006396,ENSDARG00000004597,ENSDARG00000079175"
"13","0.19","INTERPRO","Ig_sub","3","118","536","23408","2.46","7.52e-1","1.00e+0","1.11","1.00e+0","1.00e+0","5.09e-1","ENSDARG00000006396,ENSDARG00000004597,ENSDARG00000079175"
"13","0.19","UP_SEQ_FEATURE","DOMAIN:Ig-like","3","112","544","21277","2.46","7.80e-1","1.00e+0","1.05","1.00e+0","1.00e+0","5.49e-1","ENSDARG00000006396,ENSDARG00000004597,ENSDARG00000079175"
"13","0.19","INTERPRO","Ig-like_dom","3","118","616","23408","2.46","8.17e-1","1.00e+0","0.97","1.00e+0","1.00e+0","6.04e-1","ENSDARG00000006396,ENSDARG00000004597,ENSDARG00000079175"
"13","0.19","INTERPRO","Ig-like_dom_sf","3","118","682","23408","2.46","8.59e-1","1.00e+0","0.87","1.00e+0","1.00e+0","6.72e-1","ENSDARG00000006396,ENSDARG00000004597,ENSDARG00000079175"
"13","0.19","INTERPRO","Ig-like_fold","3","118","995","23408","2.46","9.62e-1","1.00e+0","0.60","1.00e+0","1.00e+0","8.83e-1","ENSDARG00000006396,ENSDARG00000004597,ENSDARG00000079175"
"14","0.05","GOTERM_BP_DIRECT","signal transduction","6","98","1540","20756","4.92","8.55e-1","1.00e+0","0.83","1.00e+0","1.00e+0","7.44e-1","ENSDARG00000038012,ENSDARG00000028058,ENSDARG00000069028,ENSDARG00000040816,ENSDARG00000041292,ENSDARG00000026329"
"14","0.05","UP_SEQ_FEATURE","DOMAIN:G-protein coupled receptors family 1 profile","3","112","672","21277","2.46","8.70e-1","1.00e+0","0.85","1.00e+0","1.00e+0","6.91e-1","ENSDARG00000069028,ENSDARG00000040816,ENSDARG00000041292"
"14","0.05","INTERPRO","GPCR_Rhodpsn","3","118","723","23408","2.46","8.80e-1","1.00e+0","0.82","1.00e+0","1.00e+0","7.10e-1","ENSDARG00000069028,ENSDARG00000040816,ENSDARG00000041292"
"14","0.05","INTERPRO","GPCR_Rhodpsn_7TM","3","118","733","23408","2.46","8.85e-1","1.00e+0","0.81","1.00e+0","1.00e+0","7.19e-1","ENSDARG00000069028,ENSDARG00000040816,ENSDARG00000041292"
"14","0.05","GOTERM_MF_DIRECT","G protein-coupled receptor activity","3","104","887","21154","2.46","9.34e-1","1.00e+0","0.69","1.00e+0","1.00e+0","8.17e-1","ENSDARG00000069028,ENSDARG00000040816,ENSDARG00000041292"
"14","0.05","UP_KW_MOLECULAR_FUNCTION","Transducer","3","57","912","11803","2.46","9.37e-1","1.00e+0","0.68","1.00e+0","1.00e+0","8.27e-1","ENSDARG00000069028,ENSDARG00000040816,ENSDARG00000041292"
"14","0.05","GOTERM_BP_DIRECT","G protein-coupled receptor signaling pathway","3","98","942","20756","2.46","9.38e-1","1.00e+0","0.67","1.00e+0","1.00e+0","8.28e-1","ENSDARG00000069028,ENSDARG00000040816,ENSDARG00000041292"
"15","0.04","INTERPRO","Ser/Thr_kinase_AS","3","118","594","23408","2.46","8.01e-1","1.00e+0","1.00","1.00e+0","1.00e+0","5.79e-1","ENSDARG00000045482,ENSDARG00000020086,ENSDARG00000094646"
"15","0.04","SMART","S_TKc","3","60","670","13267","2.46","8.06e-1","1.00e+0","0.99","1.00e+0","1.00e+0","5.90e-1","ENSDARG00000045482,ENSDARG00000020086,ENSDARG00000094646"
"15","0.04","GOTERM_BP_DIRECT","protein phosphorylation","3","98","710","20756","2.46","8.49e-1","1.00e+0","0.89","1.00e+0","1.00e+0","6.56e-1","ENSDARG00000045482,ENSDARG00000020086,ENSDARG00000094646"
"15","0.04","GOTERM_MF_DIRECT","protein kinase activity","3","104","713","21154","2.46","8.66e-1","1.00e+0","0.86","1.00e+0","1.00e+0","6.86e-1","ENSDARG00000045482,ENSDARG00000020086,ENSDARG00000094646"
"15","0.04","INTERPRO","Protein_kinase_ATP_BS","3","118","724","23408","2.46","8.81e-1","1.00e+0","0.82","1.00e+0","1.00e+0","7.11e-1","ENSDARG00000045482,ENSDARG00000020086,ENSDARG00000094646"
"15","0.04","UP_SEQ_FEATURE","DOMAIN:Protein kinase","3","112","756","21277","2.46","9.09e-1","1.00e+0","0.75","1.00e+0","1.00e+0","7.65e-1","ENSDARG00000045482,ENSDARG00000020086,ENSDARG00000094646"
"15","0.04","GOTERM_MF_DIRECT","protein serine/threonine kinase activity","3","104","824","21154","2.46","9.14e-1","1.00e+0","0.74","1.00e+0","1.00e+0","7.76e-1","ENSDARG00000045482,ENSDARG00000020086,ENSDARG00000094646"
"15","0.04","INTERPRO","Prot_kinase_dom","3","118","904","23408","2.46","9.44e-1","1.00e+0","0.66","1.00e+0","1.00e+0","8.39e-1","ENSDARG00000045482,ENSDARG00000020086,ENSDARG00000094646"
"15","0.04","GOTERM_BP_DIRECT","phosphorylation","3","98","991","20756","2.46","9.49e-1","1.00e+0","0.64","1.00e+0","1.00e+0","8.53e-1","ENSDARG00000045482,ENSDARG00000020086,ENSDARG00000094646"
"15","0.04","INTERPRO","Kinase-like_dom_sf","3","118","951","23408","2.46","9.54e-1","1.00e+0","0.63","1.00e+0","1.00e+0","8.63e-1","ENSDARG00000045482,ENSDARG00000020086,ENSDARG00000094646"
"15","0.04","GOTERM_MF_DIRECT","transferase activity","7","104","2148","21154","5.74","9.57e-1","1.00e+0","0.66","1.00e+0","1.00e+0","9.14e-1","ENSDARG00000045482,ENSDARG00000020086,ENSDARG00000094646,ENSDARG00000028058,ENSDARG00000040890,ENSDARG00000016706,ENSDARG00000058815"
"15","0.04","GOTERM_MF_DIRECT","kinase activity","3","104","1001","21154","2.46","9.59e-1","1.00e+0","0.61","1.00e+0","1.00e+0","8.75e-1","ENSDARG00000045482,ENSDARG00000020086,ENSDARG00000094646"
"15","0.04","UP_KW_MOLECULAR_FUNCTION","Kinase","3","57","1262","11803","2.46","9.86e-1","1.00e+0","0.49","1.00e+0","1.00e+0","9.52e-1","ENSDARG00000045482,ENSDARG00000020086,ENSDARG00000094646"
"15","0.04","UP_KW_MOLECULAR_FUNCTION","Transferase","7","57","2570","11803","5.74","9.90e-1","1.00e+0","0.56","1.00e+0","1.00e+0","9.78e-1","ENSDARG00000045482,ENSDARG00000020086,ENSDARG00000094646,ENSDARG00000028058,ENSDARG00000040890,ENSDARG00000016706,ENSDARG00000058815"
"16","0.01","UP_KW_BIOLOGICAL_PROCESS","Transcription regulation","6","35","2279","8466","4.92","9.71e-1","1.00e+0","0.64","1.00e+0","1.00e+0","9.39e-1","ENSDARG00000040123,ENSDARG00000077143,ENSDARG00000014825,ENSDARG00000099441,ENSDARG00000055719,ENSDARG00000098919"
"16","0.01","SMART","ZnF_C2H2","3","60","1183","13267","2.46","9.73e-1","1.00e+0","0.56","1.00e+0","1.00e+0","9.13e-1","ENSDARG00000040123,ENSDARG00000077143,ENSDARG00000014825"
"16","0.01","UP_KW_BIOLOGICAL_PROCESS","Transcription","6","35","2316","8466","4.92","9.75e-1","1.00e+0","0.63","1.00e+0","1.00e+0","9.45e-1","ENSDARG00000040123,ENSDARG00000077143,ENSDARG00000014825,ENSDARG00000099441,ENSDARG00000055719,ENSDARG00000098919"
"16","0.01","UP_SEQ_FEATURE","DOMAIN:C2H2-type","3","112","1093","21277","2.46","9.80e-1","1.00e+0","0.52","1.00e+0","1.00e+0","9.32e-1","ENSDARG00000040123,ENSDARG00000077143,ENSDARG00000014825"
"16","0.01","UP_KW_MOLECULAR_FUNCTION","DNA-binding","6","57","2126","11803","4.92","9.82e-1","1.00e+0","0.58","1.00e+0","1.00e+0","9.58e-1","ENSDARG00000040123,ENSDARG00000101161,ENSDARG00000059556,ENSDARG00000087195,ENSDARG00000077143,ENSDARG00000014825"
"16","0.01","GOTERM_BP_DIRECT","regulation of transcription by RNA polymerase II","4","98","1600","20756","3.28","9.83e-1","1.00e+0","0.53","1.00e+0","1.00e+0","9.50e-1","ENSDARG00000040123,ENSDARG00000087195,ENSDARG00000077143,ENSDARG00000014825"
"16","0.01","INTERPRO","Znf_C2H2_sf","3","118","1183","23408","2.46","9.83e-1","1.00e+0","0.50","1.00e+0","1.00e+0","9.41e-1","ENSDARG00000040123,ENSDARG00000077143,ENSDARG00000014825"
"16","0.01","INTERPRO","Znf_C2H2_type","3","118","1230","23408","2.46","9.87e-1","1.00e+0","0.48","1.00e+0","1.00e+0","9.51e-1","ENSDARG00000040123,ENSDARG00000077143,ENSDARG00000014825"
"16","0.01","GOTERM_MF_DIRECT","DNA binding","6","104","2328","21154","4.92","9.91e-1","1.00e+0","0.52","1.00e+0","1.00e+0","9.78e-1","ENSDARG00000052348,ENSDARG00000040123,ENSDARG00000101161,ENSDARG00000059556,ENSDARG00000087195,ENSDARG00000077143"

